{"total_km": 1638.9, "tree_count": 392, "route_ids": ["ferry_depart", "ferry_arrive", 254, 105, "ferry_depart", "ferry_arrive", 192, 249, 210, 195, 60, 36, 236, 225, 303, 96, 283, 387, 178, 187, 235, 66, 219, 202, 310, 279, 296, 342, 114, 86, 294, 353, 307, 301, 253, 286, 291, 281, 340, 222, 28, 7, 287, 289, 357, 111, 100, 153, 18, 326, 154, 317, 135, 184, 16, 350, 368, 369, 382, 388, 358, 227, 212, 271, 276, 282, 127, 257, 201, 324, 109, 298, 238, 140, 208, 248, 246, 23, 172, 43, 272, 37, 330, 356, 332, 54, 379, 237, 344, 337, 198, 38, 40, 258, 97, 12, 226, 325, 161, 101, 63, 335, 273, 314, 71, 263, 220, 209, 68, 119, 57, 24, 73, 323, 90, 349, 359, 108, 92, 116, 106, 360, 373, 217, 79, 20, 241, 295, 244, 348, 78, 300, 207, 383, 50, 290, 156, 331, 48, 288, 177, 134, 152, 145, 144, 146, 6, 143, 362, 231, 95, 59, 76, 378, 149, 13, 123, 124, 162, 52, 322, 65, 392, 27, 72, 221, 30, 46, 9, 11, 56, 47, 49, 3, 94, 107, 103, 34, 31, 117, 118, 363, 285, 299, 213, 218, 297, 136, 181, 205, 85, 70, 339, 203, 250, 293, 260, 77, 265, 99, 83, 372, 133, 44, 269, 268, 128, 8, 132, 267, 242, 270, 391, 82, 277, 278, 347, 179, 180, 64, 266, 14, 280, 138, 345, 17, 274, 275, 370, 306, 120, 164, 316, 371, 329, 366, 367, 165, 129, 243, 168, 232, 230, 245, 147, 262, 81, 84, 98, 255, 206, 384, 67, 53, 190, 10, 175, 174, 354, 304, 170, 155, 211, 142, 130, 328, 223, 69, 376, 308, 239, 61, 259, 41, 390, 185, 334, 139, 284, 157, 229, 313, 169, 336, 302, 193, 247, 333, 182, 389, 377, 200, 87, 197, 196, 214, 215, 240, 256, 264, 305, 39, 80, 252, 74, 93, 55, 104, 110, 21, 2, 1, 19, 88, 5, 35, 33, 29, 4, 26, 160, 25, 158, 22, 126, 121, 351, 327, 115, 91, 312, 386, 131, 159, 102, 315, 189, 341, 42, 58, 125, 228, 380, 186, 361, 375, 51, 309, 45, 318, 321, 320, 338, 122, 148, 381, 167, 176, 32, 292, 171, 224, 15, 233, 194, 352, 355, 188, 343, 137, 166, 204, 183, 311, 346, 150, 261, 151, 75, 364, 365, 113, 319, 199, 141, 62, 191, 251, 216, 112, 173, 385, 163, 374, 234, "ferry_depart", "ferry_arrive", 89], "route_coords": [[41.5245, -70.6712], [41.4534, -70.6017], [41.357386, -70.690051], [41.389, -70.513], [41.4534, -70.6017], [41.5245, -70.6712], [41.630431, -70.928487], [41.633031, -70.930885], [41.644604, -70.929251], [41.632, -70.952], [41.639, -70.993], [41.557754, -71.073035], [41.699, -71.155], [41.703, -71.155], [41.845, -71.254], [41.906009, -71.140782], [41.9, -71.09], [42.028403, -70.953281], [42.08275, -70.927095], [42.082885, -70.927095], [42.081, -70.936], [42.158, -71.145], [42.124, -71.179], [42.065, -71.248], [42.019698, -71.512522], [42.018, -71.541], [42.08902, -71.400689], [42.13246, -71.402199], [42.142, -71.397], [42.157383, -71.409464], [42.168, -71.357], [42.28, -71.236], [42.293, -71.294], [42.322, -71.335], [42.290695, -71.343987], [42.286, -71.351], [42.283, -71.364], [42.255406, -71.368423], [42.277, -71.413], [42.276, -71.418], [42.275, -71.419], [42.202, -71.425], [42.198, -71.425], [42.214812, -71.485973], [42.228442, -71.518162], [42.308, -71.52], [42.361, -71.432], [42.397, -71.463], [42.401, -71.464], [42.437, -71.504], [42.5, -71.583], [42.508, -71.623], [42.438963, -71.701298], [42.439098, -71.701298], [42.516, -71.746], [42.53, -71.756], [42.534, -71.749], [42.5341, -71.749], [42.537655, -71.760776], [42.5481, -71.7698], [42.5481, -71.77], [42.548, -71.77], [42.529243, -71.764648], [42.477, -71.96], [42.477, -72.009], [42.372789, -71.963064], [42.3784, -71.9267], [42.356, -71.862], [42.331184, -71.851622], [42.306232, -71.811548], [42.26, -71.805], [42.263, -71.802], [42.264, -71.797], [42.353, -71.734], [42.361608, -71.726126], [42.383, -71.665], [42.333797, -71.636741], [42.297021, -71.712727], [42.296, -71.714], [42.214634, -71.712369], [42.210934, -71.690666], [42.151, -71.65], [42.115, -71.654], [42.105, -71.669], [42.109773, -71.811433], [42.195, -71.906], [42.1731, -71.978], [42.173, -71.978], [42.11, -72.082], [42.231589, -72.07678], [42.351179, -72.199236], [42.351111, -72.199394], [42.351246, -72.199394], [42.531762, -72.189828], [42.550673, -72.188322], [42.5, -72.329], [42.382698, -72.521925], [42.3919, -72.5278], [42.3921, -72.5278], [42.3921, -72.528], [42.392, -72.528], [42.3919, -72.528], [42.3918, -72.5308], [42.3917, -72.531], [42.3919, -72.5308], [42.3919, -72.5307], [42.392, -72.5306], [42.3921, -72.5307], [42.3921, -72.5308], [42.3922, -72.5308], [42.3921, -72.531], [42.392, -72.531], [42.3919, -72.531], [42.3918, -72.5312], [42.3919, -72.5312], [42.3919, -72.5313], [42.392, -72.5314], [42.3921, -72.5312], [42.392332, -72.531258], [42.3923, -72.531], [42.393, -72.531], [42.3931, -72.531], [42.373, -72.596], [42.342, -72.589], [42.283, -72.562], [42.269902, -72.571067], [42.261, -72.575], [42.258, -72.577], [42.258, -72.573], [42.16, -72.479], [42.075, -72.569], [42.067719, -72.572997], [42.047, -72.58], [42.050057, -72.581447], [42.054, -72.586], [42.059827, -72.583476], [42.062588, -72.584929], [42.102, -72.589], [42.105316, -72.58551], [42.149412, -72.606964], [42.192784, -72.628674], [42.26266, -72.683623], [42.271, -72.668], [42.2611, -72.63], [42.261, -72.63], [42.264995, -72.597443], [42.285, -72.601], [42.298, -72.589], [42.3179, -72.6308], [42.3181, -72.6308], [42.3181, -72.631], [42.318, -72.631], [42.317, -72.637], [42.318, -72.638], [42.3181, -72.639], [42.318, -72.639], [42.317, -72.64], [42.316605, -72.640205], [42.316535, -72.640041], [42.3163, -72.64], [42.316294, -72.639853], [42.3162, -72.6398], [42.316154, -72.639853], [42.3161, -72.6398], [42.3161, -72.6397], [42.316, -72.6396], [42.3159, -72.6398], [42.3159, -72.64], [42.316, -72.64], [42.3161, -72.64], [42.316089, -72.640076], [42.3159, -72.6402], [42.3161, -72.6402], [42.316224, -72.640393], [42.31599, -72.640576], [42.3159, -72.6408], [42.3161, -72.6408], [42.3161, -72.641], [42.316, -72.641], [42.3159, -72.641], [42.3159, -72.6412], [42.316, -72.643], [42.346, -72.688], [42.354797, -72.695422], [42.33758, -72.74945], [42.393, -72.731], [42.524, -72.786], [42.525775, -72.789768], [42.526, -72.791], [42.524058, -72.804872], [42.471673, -72.935643], [42.471673, -72.935643], [42.208635, -73.218303], [42.2085, -73.218303], [42.111, -73.349], [42.11, -73.353], [42.192, -73.358], [42.307, -73.25], [42.308, -73.25], [42.357, -73.285], [42.454, -73.261], [42.516718, -73.226806], [42.714, -73.209], [42.716, -72.986], [42.7221, -72.941], [42.722, -72.941], [42.6271, -72.945], [42.627, -72.945], [42.562113, -72.804062], [42.5081, -72.696], [42.508, -72.696], [42.5081, -72.6958], [42.474215, -72.603203], [42.471, -72.577], [42.543747, -72.604659], [42.544, -72.605], [42.587, -72.602], [42.589, -72.6], [42.587, -72.598], [42.694407, -72.246153], [42.667, -71.705], [42.566696, -71.656027], [42.510109, -71.56053], [42.485, -71.433], [42.595, -71.459], [42.575855, -71.440629], [42.542, -71.383], [42.528, -71.352], [42.529, -71.35], [42.554943, -71.349909], [42.597, -71.352], [42.563837, -71.261736], [42.61, -71.234], [42.66, -71.142], [42.702, -71.132], [42.712, -71.17], [42.7121, -71.17], [42.774285, -71.088601], [42.798542, -71.08923], [42.790994, -71.069434], [42.784931, -71.076463], [42.7781, -71.077], [42.778, -71.077], [42.768562, -71.04853], [42.76, -71.032], [42.762, -71.029], [42.7551, -71.020392], [42.802, -70.99], [42.8021, -70.99], [42.822, -70.986], [42.791817, -70.959771], [42.810043, -70.950858], [42.843967, -70.938879], [42.84554, -70.928074], [42.821553, -70.885572], [42.812, -70.872], [42.795344, -70.853054], [42.715, -70.879], [42.681, -70.846], [42.629385, -70.947188], [42.603205, -70.887987], [42.60307, -70.887987], [42.603138, -70.887828], [42.651032, -70.820712], [42.657, -70.617], [42.657154, -70.61262], [42.657019, -70.61262], [42.575, -70.773], [42.514363, -70.89273], [42.52, -70.897], [42.524406, -70.91068], [42.524168, -70.912531], [42.526, -70.915], [42.469613, -70.91831], [42.463, -70.959], [42.470342, -71.007996], [42.450814, -71.054885], [42.454706, -71.091495], [42.487749, -71.176637], [42.429, -71.307], [42.378, -71.239], [42.375, 