{"total_km": 1646.7, "tree_count": 392, "route_ids": [279, 310, 202, 235, 187, 178, 387, 283, 96, 303, 225, 236, 36, 60, 195, 210, 249, 192, 254, 105, 89, 234, 374, 163, 385, 173, 112, 216, 251, 191, 62, 141, 199, 319, 113, 365, 364, 75, 151, 261, 150, 346, 311, 183, 204, 166, 137, 343, 188, 355, 194, 352, 233, 15, 224, 45, 320, 321, 318, 182, 252, 240, 215, 214, 197, 35, 33, 196, 160, 158, 126, 121, 25, 26, 29, 4, 55, 1, 5, 39, 74, 19, 21, 22, 2, 110, 104, 93, 351, 327, 88, 80, 256, 264, 305, 333, 247, 193, 115, 91, 336, 302, 313, 169, 229, 157, 312, 386, 131, 159, 102, 315, 87, 200, 377, 389, 309, 51, 375, 361, 186, 380, 228, 125, 58, 189, 341, 284, 139, 334, 42, 185, 390, 41, 376, 308, 239, 61, 259, 304, 170, 155, 211, 69, 223, 328, 130, 142, 354, 174, 175, 10, 190, 53, 67, 384, 206, 255, 98, 84, 81, 262, 147, 245, 243, 129, 168, 232, 230, 165, 366, 367, 329, 371, 316, 164, 120, 17, 345, 266, 64, 180, 179, 347, 278, 277, 82, 391, 270, 242, 267, 297, 136, 181, 205, 132, 8, 128, 268, 269, 44, 133, 372, 83, 99, 260, 293, 250, 203, 339, 77, 265, 85, 70, 218, 213, 299, 285, 134, 152, 145, 144, 177, 288, 48, 331, 156, 290, 50, 383, 207, 300, 78, 348, 244, 295, 241, 20, 79, 146, 6, 143, 363, 107, 117, 118, 46, 9, 34, 3, 11, 27, 30, 31, 103, 94, 72, 65, 56, 392, 322, 52, 49, 221, 162, 47, 124, 123, 13, 149, 378, 76, 95, 59, 362, 231, 217, 373, 323, 349, 359, 106, 360, 108, 57, 92, 90, 314, 273, 263, 220, 209, 71, 73, 24, 68, 116, 119, 101, 161, 325, 63, 335, 226, 38, 198, 40, 12, 258, 97, 276, 271, 282, 127, 257, 201, 324, 238, 298, 109, 54, 237, 379, 337, 344, 332, 356, 330, 37, 272, 43, 172, 23, 140, 208, 246, 248, 135, 184, 16, 350, 212, 227, 358, 388, 382, 368, 369, 14, 317, 154, 280, 274, 306, 370, 275, 138, 326, 18, 153, 100, 111, 357, 289, 7, 287, 86, 342, 114, 294, 281, 28, 222, 340, 291, 286, 253, 301, 307, 353, 122, 148, 338, 171, 292, 32, 176, 167, 381, 66, 219, 296], "route_coords": [[42.017835, -71.541113], [42.019698, -71.512522], [42.065377, -71.247831], [42.080662, -70.935599], [42.082885, -70.927095], [42.08275, -70.927095], [42.028403, -70.953281], [41.9001, -71.0898], [41.906009, -71.140782], [41.845423, -71.254145], [41.702866, -71.154637], [41.699262, -71.154637], [41.557754, -71.073035], [41.638689, -70.993354], [41.631939, -70.951817], [41.644604, -70.929251], [41.633031, -70.930885], [41.630431, -70.928487], [41.357386, -70.690051], [41.38942, -70.512968], [41.457622, -70.615697], [41.552139, -70.625566], [41.556925, -70.623307], [41.564995, -70.616476], [41.624259, -70.539029], [41.626966, -70.384556], [41.685161, -69.957812], [41.735278, -70.036389], [41.708228, -70.221686], [41.705576, -70.242579], [41.705441, -70.242579], [41.704857, -70.24322], [41.703301, -70.24571], [41.70902, -70.276653], [41.683275, -70.454647], [41.68341, -70.454647], [41.76417, -70.49966], [41.754385, -70.581522], [41.699632, -70.611771], [41.92022, -70.78616], [41.95944, -70.67059], [41.965865, -70.682492], [42.192449, -70.726197], [42.241052, -70.803557], [42.241187, -70.803557], [42.241767, -70.889768], [42.219543, -70.934848], [42.246112, -70.973137], [42.251511, -71.000825], [42.258598, -70.998841], [42.258666, -70.998999], [42.258734, -70.998841], [42.258801, -70.998999], [42.2632, -71.00705], [42.277811, -71.028738], [42.325602, -71.081241], [42.310839, -71.099283], [42.310974, -71.099283], [42.327335, -71.104206], [42.34621, -71.146661], [42.370292, -71.144012], [42.370316, -71.143824], [42.370387, -71.143659], [42.370494, -71.143537], [42.370627, -71.143472], [42.370562, -71.143695], [42.370697, -71.143646], [42.370767, -71.143472], [42.3709, -71.143537], [42.371008, -71.143659], [42.371078, -71.143824], [42.371102, -71.144012], [42.370967, -71.144012], [42.370931, -71.143829], [42.370832, -71.143695], [42.370765, -71.143854], [42.370697, -71.144012], [42.370697, -71.144012], [42.370629, -71.143854], [42.370463, -71.143829], [42.370427, -71.144012], [42.370562, -71.144012], [42.370629, -71.14417], [42.370765, -71.14417], [42.370832, -71.144012], [42.370931, -71.144195], [42.370832, -71.144329], [42.370697, -71.144378], [42.370767, -71.144552], [42.370627, -71.144552], [42.370562, -71.144329], [42.370463, -71.144195], [42.370316, -71.1442], [42.370387, -71.144365], [42.370494, -71.144487], [42.330215, -71.194862], [42.33008, -71.194862], [42.327061, -71.224136], [42.367247, -71.183847], [42.375766, -71.204957], [42.379184, -71.231621], [42.375337, -71.233452], [42.375337, -71.237676], [42.37804, -71.235564], [42.377697, -71.238889], [42.428638, -71.307181], [42.384857, -71.207856], [42.388263, -71.196834], [42.387524, -71.177233], [42.402677, -71.184671], [42.415374, -71.156443], [42.411999, -71.131873], [42.386365, -71.106765], [42.366474, -71.106527], [42.365635, -71.104002], [42.348613, -71.093311], [42.338815, -71.072554], [42.343201, -71.072173], [42.343422, -71.072106], [42.35409, -71.07004], [42.354753, -71.059652], [42.376824, -71.037449], [42.389019, -71.047648], [42.38916, -71.037074], [42.405675, -71.035823], [42.4156, -71.102742], [42.429621, -71.104436], [42.487749, -71.176637], [42.454706, -71.091495], [42.450814, -71.054885], [42.420907, -71.031639], [42.470342, -71.007996], [42.463287, -70.959431], [42.469613, -70.91831], [42.514363, -70.89273], [42.519529, -70.896723], [42.524406, -70.91068], [42.524168, -70.912531], [42.526153, -70.915297], [42.629385, -70.947188], [42.603205, -70.887987], [42.60307, -70.887987], [42.603138, -70.887828], [42.575131, -70.772551], [42.657019, -70.61262], [42.657154, -70.61262], [42.656706, -70.617081], [42.651032, -70.820712], [42.681356, -70.846412], [42.714774, -70.878675], [42.795344, -70.853054], [42.811659, -70.871927], [42.821553, -70.885572], [42.84554, -70.928074], [42.843967, -70.938879], [42.810043, -70.950858], [42.791817, -70.959771], [42.822199, -70.986118], [42.80165, -70.989778], [42.801515, -70.989778], [42.7551, -71.020392], [42.761767, -71.029131], [42.75988, -71.031821], [42.768562, -71.04853], [42.790994, -71.069434], [42.798542, -71.08923], [42.784931, -71.076463], [42.777954, -71.076772], [42.777819, -71.076772], [42.774285, -71.088601], [42.711704, -71.169805], [42.711704, -71.169805], [42.701519, -71.131774], [42.659964, -71.142116], [42.6101, -71.2337], [42.563837, -71.261736], [42.596862, -71.35176], [42.575855, -71.440629], [42.594684, -71.458521], [42.667294, -71.705436], [42.694407, -72.246153], [42.586733, -72.598088], [42.589436, -72.600207], [42.586733, -72.602326], [42.543882, -72.604659], [42.543747, -72.604659], [42.470658, -72.577115], [42.474215, -72.603203], [42.507924, -72.696], [42.507856, -72.696159], [42.507991, -72.696159], [42.523902, -72.78559], [42.525775, -72.789768], [42.52604, -72.790915], [42.524058, -72.804872], [42.562113, -72.804062], [42.627025, -72.944718], [42.62716, -72.944718], [42.721572, -72.941284], [42.721707, -72.941284], [42.715864, -72.985826], [42.713547, -73.209457], [42.516718, -73.226806], [42.453562, -73.261455], [42.356822, -73.285085], [42.192347, -73.357868], [42.110474, -73.353336], [42.111416, -73.3491], [42.2085, -73.218303], [42.208635, -73.218303], [42.307384, -73.250491], [42.307519, -73.250491], [42.471673, -72.935643], [42.471673, -72.935643], [42.392871, -72.730586], [42.33758, -72.74945], [42.354797, -72.695422], [42.345844, -72.687847], [42.26266, -72.683623], [42.271034, -72.66833], [42.261472, -72.629944], [42.261337, -72.629944], [42.192784, -72.628674], [42.149412, -72.606964], [42.105316, -72.58551], [42.101876, -72.588673], [42.062588, -72.584929], [42.059827, -72.583476], [42.053647, -72.586108], [42.050057, -72.581447], [42.046573, -72.579623], [42.067719, -72.572997], [42.07548, -72.568659], [42.15987, -72.479492], [42.258238, -72.573026], [42.258238, -72.577242], [42.260941, -72.575134], [42.269902, -72.571067], [42.283457, -72.561644], [42.264995, -72.597443], [42.284508, -72.600894], [42.2981, -72.589492], [42.315565, -72.642558], [42.316224, -72.640759], [42.316359, -72.64071], [42.316458, 