{"total_km": 1648.6, "tree_count": 392, "route_ids": ["ferry_depart", "ferry_arrive", 254, 105, "ferry_depart", "ferry_arrive", 192, 249, 210, 195, 60, 36, 236, 225, 303, 96, 283, 387, 178, 187, 235, 202, 219, 66, 148, 122, 338, 353, 307, 301, 253, 286, 291, 340, 222, 28, 281, 294, 296, 310, 279, 342, 114, 86, 287, 7, 289, 357, 111, 100, 153, 18, 326, 154, 317, 368, 369, 382, 388, 358, 227, 212, 350, 16, 184, 135, 248, 246, 208, 140, 23, 172, 43, 272, 37, 330, 356, 332, 344, 337, 379, 237, 54, 109, 298, 238, 324, 201, 257, 127, 282, 271, 276, 97, 258, 12, 40, 198, 38, 226, 335, 63, 325, 161, 101, 119, 116, 68, 24, 73, 71, 209, 220, 263, 273, 314, 90, 92, 57, 108, 360, 106, 359, 349, 323, 373, 217, 231, 362, 59, 95, 76, 378, 149, 13, 123, 124, 47, 162, 221, 49, 52, 322, 392, 56, 65, 72, 94, 103, 31, 30, 27, 11, 3, 34, 9, 46, 118, 117, 107, 363, 143, 6, 146, 295, 244, 241, 20, 79, 348, 78, 300, 207, 383, 50, 290, 156, 331, 48, 288, 177, 144, 145, 152, 134, 285, 299, 213, 218, 297, 136, 181, 205, 85, 70, 339, 203, 250, 293, 260, 77, 265, 99, 83, 372, 133, 44, 269, 268, 128, 8, 132, 267, 242, 270, 391, 82, 277, 278, 347, 179, 180, 64, 266, 14, 280, 138, 345, 17, 274, 275, 370, 306, 120, 164, 316, 371, 329, 366, 367, 165, 129, 243, 168, 232, 230, 245, 147, 262, 81, 84, 98, 255, 206, 384, 67, 53, 190, 10, 175, 174, 354, 304, 170, 155, 211, 142, 130, 328, 223, 69, 376, 308, 239, 61, 259, 41, 390, 185, 334, 139, 284, 157, 229, 169, 336, 302, 313, 193, 247, 333, 182, 264, 256, 252, 240, 215, 214, 197, 196, 160, 158, 126, 121, 25, 110, 22, 21, 19, 5, 55, 1, 4, 2, 26, 29, 33, 35, 39, 74, 80, 88, 93, 104, 351, 327, 305, 115, 91, 312, 386, 131, 159, 102, 315, 189, 341, 42, 58, 125, 380, 228, 87, 200, 377, 389, 361, 186, 375, 51, 309, 45, 318, 321, 320, 381, 167, 176, 32, 292, 171, 224, 15, 233, 352, 194, 355, 188, 343, 137, 166, 204, 183, 311, 346, 150, 261, 151, 75, 364, 365, 113, 319, 199, 141, 62, 191, 251, 216, 112, 173, 385, 163, 374, 234, "ferry_depart", "ferry_arrive", 89], "route_coords": [[41.5245, -70.6712], [41.4534, -70.6017], [41.357386, -70.690051], [41.38942, -70.512968], [41.4534, -70.6017], [41.5245, -70.6712], [41.630431, -70.928487], [41.633031, -70.930885], [41.644604, -70.929251], [41.631939, -70.951817], [41.638689, -70.993354], [41.557754, -71.073035], [41.699262, -71.154637], [41.702866, -71.154637], [41.845423, -71.254145], [41.906009, -71.140782], [41.9001, -71.0898], [42.028403, -70.953281], [42.08275, -70.927095], [42.082885, -70.927095], [42.080662, -70.935599], [42.065377, -71.247831], [42.123733, -71.178728], [42.158432, -71.144773], [42.248914, -71.175573], [42.251365, -71.189879], [42.275639, -71.163188], [42.280265, -71.236062], [42.293065, -71.294086], [42.321766, -71.335215], [42.290695, -71.343987], [42.285698, -71.350628], [42.283238, -71.36372], [42.277214, -71.412728], [42.275519, -71.417651], [42.274551, -71.419168], [42.255406, -71.368423], [42.167508, -71.357276], [42.08902, -71.400689], [42.019698, -71.512522], [42.017835, -71.541113], [42.13246, -71.402199], [42.141764, -71.396726], [42.157383, -71.409464], [42.198295, -71.424505], [42.201899, -71.424505], [42.214812, -71.485973], [42.228442, -71.518162], [42.308038, -71.519911], [42.36147, -71.431965], [42.397209, -71.462827], [42.400823, -71.463501], [42.436561, -71.503778], [42.5001, -71.5828], [42.508037, -71.623062], [42.533954, -71.748608], [42.534089, -71.748608], [42.537655, -71.760776], [42.548295, -71.769862], [42.548362, -71.770021], [42.548227, -71.770021], [42.529243, -71.764648], [42.530387, -71.756094], [42.515699, -71.745916], [42.439098, -71.701298], [42.438963, -71.701298], [42.383332, -71.665042], [42.333797, -71.636741], [42.361608, -71.726126], [42.353279, -71.734358], [42.297021, -71.712727], [42.296019, -71.71351], [42.214634, -71.712369], [42.210934, -71.690666], [42.1515, -71.6498], [42.114518, -71.654404], [42.105222, -71.668509], [42.109773, -71.811433], [42.110049, -72.082038], [42.231589, -72.07678], [42.173131, -71.977931], [42.172996, -71.977931], [42.194538, -71.905906], [42.260308, -71.804674], [42.262562, -71.801888], [42.263916, -71.7966], [42.306232, -71.811548], [42.331184, -71.851622], [42.356084, -71.862355], [42.3784, -71.9267], [42.372789, -71.963064], [42.47708, -71.960439], [42.476565, -72.00872], [42.550673, -72.188322], [42.531762, -72.189828], [42.500213, -72.328551], [42.351246, -72.199394], [42.351179, -72.199236], [42.351111, -72.199394], [42.382698, -72.521925], [42.391846, -72.527732], [42.391981, -72.527732], [42.391914, -72.527573], [42.392049, -72.527573], [42.392116, -72.527732], [42.392265, -72.530734], [42.3924, -72.530783], [42.392332, -72.530942], [42.392265, -72.5311], [42.39213, -72.5311], [42.392197, -72.530942], [42.39213, -72.530783], [42.392031, -72.530917], [42.391995, -72.5311], [42.392031, -72.531283], [42.39213, -72.531417], [42.392197, -72.531258], [42.392332, -72.531258], [42.3924, -72.5311], [42.392499, -72.530917], [42.39267, -72.5311], [42.392535, -72.5311], [42.392499, -72.531283], [42.3924, -72.531417], [42.392265, -72.531466], [42.373209, -72.596091], [42.342326, -72.589122], [42.317967, -72.630943], [42.317831, -72.630943], [42.317899, -72.631101], [42.318034, -72.631101], [42.317458, -72.637386], [42.318, -72.6381], [42.317895, -72.639429], [42.31776, -72.639429], [42.316629, -72.640393], [42.316605, -72.640205], [42.316458, -72.64021], [42.316535, -72.640041], [42.316427, -72.639918], [42.316359, -72.640076], [42.316224, -72.640027], [42.316294, -72.639853], [42.316154, -72.639853], [42.316089, -72.640076], [42.31599, -72.64021], [42.315954, -72.640393], [42.31599, -72.640576], [42.316089, -72.64071], [42.316156, -72.640551], [42.316089, -72.640393], [42.316156, -72.640235], [42.316292, -72.640235], [42.316224, -72.640393], [42.316292, -72.640551], [42.316359, -72.640393], [42.316494, -72.640393], [42.316458, -72.640576], [42.316359, -72.64071], [42.316224, -72.640759], [42.315565, -72.642558], [42.2981, -72.589492], [42.284508, -72.600894], [42.264995, -72.597443], [42.258238, -72.577242], [42.258238, -72.573026], [42.260941, -72.575134], [42.269902, -72.571067], [42.283457, -72.561644], [42.15987, -72.479492], [42.07548, -72.568659], [42.067719, -72.572997], [42.046573, -72.579623], [42.050057, -72.581447], [42.053647, -72.586108], [42.059827, -72.583476], [42.062588, -72.584929], [42.101876, -72.588673], [42.105316, -72.58551], [42.149412, -72.606964], [42.192784, -72.628674], [42.261337, -72.629944], [42.261472, -72.629944], [42.271034, -72.66833], [42.26266, -72.683623], [42.345844, -72.687847], [42.354797, -72.695422], [42.33758, -72.74945], [42.392871, -72.730586], [42.523902, -72.78559], [42.525775, -72.789768], [42.52604, -72.790915], [42.524058, -72.804872], [42.471673, -72.935643], [42.471673, -72.935643], [42.208635, -73.218303], [42.2085, -73.218303], [42.111416, -73.3491], [42.110474, -73.353336], [42.192347, -73.357868], [42.307384, -73.250491], [42.307519, -73.250491], [42.356822, -73.285085], [42.453562, -73.261455], [42.516718, -73.226806], [42.713547, -73.209457], [42.715864, -72.985826], [42.721707, -72.941284], [42.721572, -72.941284], [42.62716, -72.944718], [42.627025, -72.944718], [42.562113, -72.804062], [42.507991, -72.696159], [42.507856, -72.696159], [42.507924, -72.696], [42.474215, -72.603203], [42.470658, -72.577115], [42.543747, -72.604659], [42.543882, -72.604659], [42.586733, -72.602326], [42.589436, -72.600207], [42.586733, -72.598088], [42.694407, -72.246153], [42.667294, -71.705436], [42.566696, -71.656027], [42.510109, -71.56053], [42.485093, -71.43284], [42.594684, -71.458521], [42.575855, -71.440629], [42.542378, -71.38267], [42.527897, -71.351576], [42.52926, -71.349503], [42.554943, -71.349909], [42.596862, -71.35176], [42.563837, -71.261736], [42.6101, -71.2337], [42.659964, -71.142116], [42.701519, -71.131774], [42.711704, -71.169805], [42.711704, -71.169805], [42.774285, -71.088601], [42.798542, -71.08923], [42.790994, -71.069434], [42.784931, 